equipo,fmantenimiento,periodomantenimiento
1,2017-08-24,4
2,2017-06-04,5
3,2018-07-09,4
4,2019-01-28,2
5,2019-07-20,2
6,2019-12-24,3
7,2018-01-30,2
8,2018-07-24,4
9,2018-08-02,4
10,2017-10-14,3
11,2017-09-18,3
12,2017-07-28,1
13,2017-06-27,2
14,2017-11-05,2
15,2017-07-03,2
16,2017-05-16,3
17,2018-06-24,3
18,2017-06-03,2
19,2017-10-18,5
20,2017-12-21,2
21,2019-07-16,2
22,2018-08-09,2
23,2018-04-19,2
24,2018-03-30,3
25,2019-12-08,4
26,2017-12-25,3
27,2019-01-15,5
28,2018-10-11,5
29,2019-12-25,3
30,2019-04-17,3
31,2018-04-10,3
32,2017-11-12,1
33,2018-06-06,2
34,2018-04-13,2
35,2018-10-30,3
36,2018-05-19,4
37,2017-06-13,2
38,2018-10-07,5
39,2018-01-14,3
40,2017-09-10,3
41,2017-06-14,4
42,2018-09-10,3
43,2018-05-31,2
44,2017-04-09,2
45,2018-07-09,4
46,2017-01-10,2
47,2017-05-05,1
48,2017-04-02,4
49,2018-07-26,3
50,2019-02-02,2
51,2018-08-08,4
52,2019-10-03,2
53,2017-05-31,5
54,2017-01-09,5
55,2019-01-05,3
56,2018-09-16,4
57,2018-09-15,3
58,2017-03-08,5
59,2018-06-23,2
60,2017-12-31,4
61,2018-08-03,2
62,2019-06-22,2
63,2017-08-28,4
64,2019-08-06,2
65,2017-01-03,2
66,2019-08-17,3
67,2019-06-13,5
68,2019-07-08,1
69,2019-12-23,2
70,2017-01-24,4
71,2018-10-29,5
72,2018-08-02,2
73,2018-05-22,1
74,2018-04-05,3
75,2017-07-07,2
76,2019-10-20,4
77,2018-05-22,3
78,2018-04-09,2
79,2017-10-11,2
80,2018-05-16,3
81,2017-05-09,3
82,2019-06-29,3
83,2017-06-01,2
84,2019-10-24,3
85,2018-09-27,3
86,2017-10-11,3
87,2018-03-28,5
88,2018-05-10,4
89,2018-02-09,5
90,2017-05-13,3
91,2019-07-11,3
92,2019-12-09,1
93,2018-10-03,3
94,2019-11-06,4
95,2018-09-18,3
96,2018-03-06,2
97,2018-04-03,5
98,2019-04-08,3
99,2019-12-07,2
100,2018-03-17,4
101,2017-08-28,3
102,2018-09-13,2
103,2019-11-02,4
104,2019-10-27,4
105,2019-04-12,2
106,2018-08-31,5
107,2019-11-25,3
108,2018-11-16,3
109,2017-05-09,4
110,2017-08-28,3
111,2017-05-31,4
112,2017-08-25,4
113,2019-09-14,5
114,2019-01-18,1
115,2018-12-22,1
116,2019-06-18,4
117,2017-02-13,2
118,2017-06-14,2
119,2018-09-02,2
120,2018-05-15,4
121,2017-07-29,3
122,2017-12-05,2
123,2019-10-01,4
124,2018-04-22,2
125,2019-12-19,1
126,2019-10-11,2
127,2018-11-02,4
128,2018-01-29,1
129,2018-05-07,3
130,2019-12-30,5
131,2018-05-16,4
132,2019-06-17,2
133,2019-07-12,2
134,2017-01-18,3
135,2017-04-05,4
136,2017-03-15,2
137,2017-03-26,4
138,2017-09-29,3
139,2017-05-10,5
140,2017-05-05,5
141,2018-10-17,3
142,2019-12-28,5
143,2017-08-21,2
144,2017-11-11,1
145,2019-04-22,2
146,2019-01-27,4
147,2018-07-24,3
148,2017-11-24,1
149,2019-09-03,4
150,2019-03-30,2
151,2017-10-31,5
152,2017-07-16,2
153,2018-10-28,4
154,2019-09-13,4
155,2018-11-27,3
156,2018-04-12,3
157,2019-11-29,3
158,2019-12-10,1
159,2017-03-28,2
160,2017-08-11,2
161,2018-11-24,4
162,2017-08-16,4
163,2019-05-11,2
164,2018-11-08,3
165,2017-09-26,3
166,2018-05-02,4
167,2017-07-21,2
168,2018-11-25,2
169,2017-08-31,2
170,2018-05-30,2
171,2018-12-27,4
172,2018-06-22,1
173,2019-01-18,3
174,2017-04-08,2
175,2019-11-05,2
176,2018-05-02,1
177,2017-08-08,4
178,2018-01-28,2
179,2019-04-02,1
180,2018-06-09,2
181,2019-07-06,4
182,2018-09-12,5
183,2018-12-13,3
184,2017-10-16,4
185,2018-04-22,5
186,2017-10-11,5
187,2017-01-07,4
188,2019-10-24,2
189,2017-09-17,3
190,2018-07-07,3
191,2017-02-21,2
192,2018-02-16,5
193,2017-03-29,1
194,2017-11-07,4
195,2017-07-24,3
196,2019-09-05,3
197,2019-09-02,2
198,2018-12-13,5
199,2019-07-08,1
200,2019-01-13,3
