producto,stock,cantidad
1,200,326
2,300,1039
3,200,178
4,400,1040
5,400,6
6,200,1146
7,300,608
8,300,387
9,200,358
10,300,685
11,300,424
12,400,889
13,300,1068
14,300,484
15,300,1126
16,200,309
17,300,1187
18,300,465
19,400,410
20,200,163
21,400,815
22,400,463
23,400,1110
24,200,292
25,400,1174
26,200,722
27,200,180
28,300,311
29,200,1130
30,300,38
31,400,1187
32,200,1095
33,400,585
34,400,173
35,300,281
36,200,1036
37,400,785
38,200,1085
39,300,692
40,200,1146
41,300,731
42,200,1119
43,400,110
44,400,508
45,400,848
46,200,666
47,300,60
48,300,775
49,300,1175
50,300,795
51,300,246
52,300,814
53,400,372
54,300,1071
55,300,498
56,400,394
57,300,887
58,300,791
59,300,353
60,200,1043
61,300,1075
62,400,993
63,400,1119
64,400,446
65,400,931
66,400,52
67,400,849
68,400,1063
69,300,153
70,300,495
71,400,268
72,200,563
73,400,156
74,400,596
75,400,856
76,200,924
77,300,216
78,200,1120
79,400,729
80,400,211
81,300,1001
82,200,472
83,400,295
84,400,499
85,400,142
86,300,666
87,200,906
88,400,69
89,200,976
90,400,418
91,200,892
92,200,1036
93,300,724
94,200,505
95,300,320
96,400,662
97,400,1109
98,200,503
99,200,885
100,300,209
101,300,334
102,300,500
103,400,572
104,300,1054
105,200,49
106,200,451
107,200,449
108,300,72
109,300,1020
110,400,160
111,400,398
112,300,1197
113,200,43
114,400,259
115,200,1193
116,200,1024
117,200,212
118,200,452
119,300,966
120,200,551
121,300,285
122,200,63
123,400,690
124,400,779
125,300,423
126,300,568
127,300,624
128,300,99
129,400,348
130,400,469
131,200,472
132,300,206
133,400,752
134,200,712
135,200,302
136,200,1047
137,200,1153
138,400,576
139,400,396
140,200,271
141,400,832
142,400,705
143,200,227
144,400,429
145,300,250
146,400,179
147,400,1069
148,200,893
149,400,267
150,200,960
151,200,596
152,200,294
153,400,292
154,300,489
155,300,917
156,200,726
157,200,794
158,300,905
159,200,432
160,300,399
161,300,954
162,200,863
163,200,702
164,300,988
165,300,458
166,300,471
167,300,469
168,400,1047
169,400,450
170,200,937
171,400,340
172,400,560
173,300,657
174,300,1080
175,400,465
176,400,848
177,400,20
178,200,1159
179,200,1125
180,400,545
181,200,894
182,300,134
183,200,120
184,400,876
185,400,967
186,300,800
187,400,884
188,400,512
189,300,198
190,300,621
191,300,338
192,300,344
193,300,278
194,300,587
195,200,882
196,300,875
197,400,435
198,200,688
199,300,81
200,400,465
201,400,159
202,200,47
203,200,140
204,200,240
205,300,292
206,200,436
207,300,1089
208,400,927
209,300,365
210,400,429
211,300,583
212,300,406
213,300,442
214,400,187
215,400,748
216,200,741
217,400,687
218,200,202
219,200,541
220,200,359
221,400,786
222,400,603
223,400,408
224,300,232
225,400,0
226,400,528
227,400,1188
228,200,475
229,400,7
230,200,762
231,200,209
232,400,920
233,300,1160
234,200,38
235,300,1187
236,400,1084
237,400,976
238,300,299
239,300,241
240,300,141
241,300,217
242,400,876
243,300,74
244,200,128
245,300,224
246,200,1169
247,200,713
248,200,1022
249,400,410
250,400,316
251,200,1015
252,200,750
253,400,1034
254,200,14
255,200,246
256,300,567
257,300,1010
258,200,541
259,200,435
260,200,554
261,400,1081
262,400,687
263,200,175
264,200,234
265,400,393
266,400,351
267,400,732
268,300,1015
269,400,859
270,300,47
271,200,10
272,200,8
273,300,642
274,300,2
275,400,457
276,200,56
277,200,763
278,200,300
279,200,514
280,400,250
281,300,886
282,200,738
283,400,295
284,300,566
285,400,526
286,300,204
287,300,911
288,400,887
289,400,364
290,200,74
291,200,76
292,400,117
293,400,469
294,300,1184
295,300,1075
296,300,528
297,400,876
298,400,455
299,200,562
300,300,1017
